"Dist Code","Year","State Code","State Name","Dist Name","RICE AREA (1000 ha)","RICE PRODUCTION (1000 tons)","RICE YIELD (Kg per ha)"
"83","1966","11","Tamil Nadu","Chengalpattu MGR / Kanchipuram","342.0","400.0","1169.59"
"83","1967","11","Tamil Nadu","Chengalpattu MGR / Kanchipuram","342.0","429.0","1254.39"
"83","1968","11","Tamil Nadu","Chengalpattu MGR / Kanchipuram","250.6","232.0","925.78"
"83","1969","11","Tamil Nadu","Chengalpattu MGR / Kanchipuram","311.1","505.3","1624.24"
"83","1970","11","Tamil Nadu","Chengalpattu MGR / Kanchipuram","329.0","579.1","1760.18"
"83","1971","11","Tamil Nadu","Chengalpattu MGR / Kanchipuram","327.1","491.5","1502.6"
"83","1972","11","Tamil Nadu","Chengalpattu MGR / Kanchipuram","326.4","564.9","1730.7"
"83","1973","11","Tamil Nadu","Chengalpattu MGR / Kanchipuram","304.7","664.3","2180.18"
"83","1974","11","Tamil Nadu","Chengalpattu MGR / Kanchipuram","253.8","414.3","1632.39"
"83","1975","11","Tamil Nadu","Chengalpattu MGR / Kanchipuram","342.5","750.0","2189.78"
"83","1976","11","Tamil Nadu","Chengalpattu MGR / Kanchipuram","357.9","753.4","2105.06"
"83","1977","11","Tamil Nadu","Chengalpattu MGR / Kanchipuram","369.1","745.3","2019.24"
"83","1978","11","Tamil Nadu","Chengalpattu MGR / Kanchipuram","366.5","617.6","1685.13"
"83","1979","11","Tamil Nadu","Chengalpattu MGR / Kanchipuram","353.2","626.1","1772.65"
"83","1980","11","Tamil Nadu","Chengalpattu MGR / Kanchipuram","266.8","433.8","1625.94"
"83","1981","11","Tamil Nadu","Chengalpattu MGR / Kanchipuram","286.0","514.2","1797.9"
"83","1982","11","Tamil Nadu","Chengalpattu MGR / Kanchipuram","188.0","268.0","1425.53"
"83","1983","11","Tamil Nadu","Chengalpattu MGR / Kanchipuram","272.2","508.3","1867.38"
"83","1984","11","Tamil Nadu","Chengalpattu MGR / Kanchipuram","321.0","581.0","1809.97"
"83","1985","11","Tamil Nadu","Chengalpattu MGR / Kanchipuram","326.3","793.8","2432.73"
"83","1986","11","Tamil Nadu","Chengalpattu MGR / Kanchipuram","222.0","597.0","2689.19"
"83","1987","11","Tamil Nadu","Chengalpattu MGR / Kanchipuram","238.0","589.0","2474.79"
"83","1988","11","Tamil Nadu","Chengalpattu MGR / Kanchipuram","232.5","682.9","2937.2"
"83","1989","11","Tamil Nadu","Chengalpattu MGR / Kanchipuram","256.0","807.4","3153.91"
"83","1990","11","Tamil Nadu","Chengalpattu MGR / Kanchipuram","231.96","743.65","3205.94"
"83","1991","11","Tamil Nadu","Chengalpattu MGR / Kanchipuram","264.41","894.59","3383.34"
"83","1992","11","Tamil Nadu","Chengalpattu MGR / Kanchipuram","237.07","729.92","3078.92"
"83","1993","11","Tamil Nadu","Chengalpattu MGR / Kanchipuram","290.0","883.0","3044.83"
"83","1994","11","Tamil Nadu","Chengalpattu MGR / Kanchipuram","260.71","850.76","3263.24"
"83","1995","11","Tamil Nadu","Chengalpattu MGR / Kanchipuram","252.33","765.19","3032.5"
"83","1996","11","Tamil Nadu","Chengalpattu MGR / Kanchipuram","262.45","778.75","2967.23"
"83","1997","11","Tamil Nadu","Chengalpattu MGR / Kanchipuram","266.59","940.47","3527.78"
"83","1998","11","Tamil Nadu","Chengalpattu MGR / Kanchipuram","270.01","993.57","3679.75"
"83","1999","11","Tamil Nadu","Chengalpattu MGR / Kanchipuram","255.87","916.25","3580.92"
"83","2000","11","Tamil Nadu","Chengalpattu MGR / Kanchipuram","225.92","764.8","3385.27"
"83","2001","11","Tamil Nadu","Chengalpattu MGR / Kanchipuram","229.58","800.55","3487.02"
"83","2002","11","Tamil Nadu","Chengalpattu MGR / Kanchipuram","185.18","557.61","3011.18"
"83","2003","11","Tamil Nadu","Chengalpattu MGR / Kanchipuram","172.06","491.18","2854.7"
"83","2004","11","Tamil Nadu","Chengalpattu MGR / Kanchipuram","168.4","507.0","3010.69"
"83","2005","11","Tamil Nadu","Chengalpattu MGR / Kanchipuram","211.71","565.46","2670.92"
"83","2006","11","Tamil Nadu","Chengalpattu MGR / Kanchipuram","192.78","713.6","3701.63"
"83","2007","11","Tamil Nadu","Chengalpattu MGR / Kanchipuram","170.07","631.14","3711.06"
"83","2008","11","Tamil Nadu","Chengalpattu MGR / Kanchipuram","173.11","645.07","3726.36"
"83","2009","11","Tamil Nadu","Chengalpattu MGR / Kanchipuram","171.96","587.72","3417.77"
"83","2010","11","Tamil Nadu","Chengalpattu MGR / Kanchipuram","178.96","628.84","3513.86"
"83","2011","11","Tamil Nadu","Chengalpattu MGR / Kanchipuram","169.64","708.45","4176.2"
"83","2012","11","Tamil Nadu","Chengalpattu MGR / Kanchipuram","156.12","645.34","4133.62"
"83","2013","11","Tamil Nadu","Chengalpattu MGR / Kanchipuram","181.39","843.36","4649.43"
"83","2014","11","Tamil Nadu","Chengalpattu MGR / Kanchipuram","158.23","716.1","4525.69"
"83","2015","11","Tamil Nadu","Chengalpattu MGR / Kanchipuram","199.14","748.5","3758.66"
"83","2016","11","Tamil Nadu","Chengalpattu MGR / Kanchipuram","169.58","585.18","3450.65"
"83","2017","11","Tamil Nadu","Chengalpattu MGR / Kanchipuram","193.22","807.43","4178.74"
"84","1966","11","Tamil Nadu","South Arcot / Cuddalore","313.0","476.0","1520.77"
"84","1967","11","Tamil Nadu","South Arcot / Cuddalore","319.0","560.0","1755.49"
"84","1968","11","Tamil Nadu","South Arcot / Cuddalore","285.0","496.0","1740.35"
"84","1969","11","Tamil Nadu","South Arcot / Cuddalore","304.4","511.0","1678.71"
"84","1970","11","Tamil Nadu","South Arcot / Cuddalore","324.4","691.9","2132.86"
"84","1971","11","Tamil Nadu","South Arcot / Cuddalore","331.2","713.4","2153.99"
"84","1972","11","Tamil Nadu","South Arcot / Cuddalore","329.8","758.2","2298.97"
"84","1973","11","Tamil Nadu","South Arcot / Cuddalore","321.2","836.0","2602.74"
"84","1974","11","Tamil Nadu","South Arcot / Cuddalore","260.2","521.7","2005.0"
"84","1975","11","Tamil Nadu","South Arcot / Cuddalore","293.3","693.0","2362.77"
"84","1976","11","Tamil Nadu","South Arcot / Cuddalore","290.8","658.6","2264.79"
"84","1977","11","Tamil Nadu","South Arcot / Cuddalore","317.3","814.7","2567.6"
"84","1978","11","Tamil Nadu","South Arcot / Cuddalore","331.8","686.4","2068.72"
"84","1979","11","Tamil Nadu","South Arcot / Cuddalore","352.8","729.2","2066.89"
"84","1980","11","Tamil Nadu","South Arcot / Cuddalore","229.0","427.1","1865.07"
"84","1981","11","Tamil Nadu","South Arcot / Cuddalore","266.6","687.9","2580.27"
"84","1982","11","Tamil Nadu","South Arcot / Cuddalore","132.0","226.0","1712.12"
"84","1983","11","Tamil Nadu","South Arcot / Cuddalore","233.7","479.3","2050.92"
"84","1984","11","Tamil Nadu","South Arcot / Cuddalore","325.0","754.0","2320.0"
"84","1985","11","Tamil Nadu","South Arcot / Cuddalore","302.7","952.8","3147.67"
"84","1986","11","Tamil Nadu","South Arcot / Cuddalore","252.0","920.0","3650.79"
"84","1987","11","Tamil Nadu","South Arcot / Cuddalore","254.0","792.0","3118.11"
"84","1988","11","Tamil Nadu","South Arcot / Cuddalore","196.1","637.8","3252.42"
"84","1989","11","Tamil Nadu","South Arcot / Cuddalore","230.3","807.9","3508.03"
"84","1990","11","Tamil Nadu","South Arcot / Cuddalore","179.94","611.61","3398.97"
"84","1991","11","Tamil Nadu","South Arcot / Cuddalore","233.31","827.59","3547.17"
"84","1992","11","Tamil Nadu","South Arcot / Cuddalore","241.88","780.58","3227.14"
"84","1993","11","Tamil Nadu","South Arcot / Cuddalore","252.0","625.0","2480.16"
"84","1994","11","Tamil Nadu","South Arcot / Cuddalore","241.3","866.32","3590.22"
"84","1995","11","Tamil Nadu","South Arcot / Cuddalore","225.64","747.27","3311.78"
"84","1996","11","Tamil Nadu","South Arcot / Cuddalore","302.64","776.49","2565.72"
"84","1997","11","Tamil Nadu","South Arcot / Cuddalore","294.79","924.47","3136.03"
"84","1998","11","Tamil Nadu","South Arcot / Cuddalore","285.62","1010.68","3538.55"
"84","1999","11","Tamil Nadu","South Arcot / Cuddalore","272.48","1001.43","3675.24"
"84","2000","11","Tamil Nadu","South Arcot / Cuddalore","267.83","930.36","3473.7"
"84","2001","11","Tamil Nadu","South Arcot / Cuddalore","263.94","963.94","3652.12"
"84","2002","11","Tamil Nadu","South Arcot / Cuddalore","182.97","523.0","2858.39"
"84","2003","11","Tamil Nadu","South Arcot / Cuddalore","179.44","552.41","3078.52"
"84","2004","11","Tamil Nadu","South Arcot / Cuddalore","278.3","841.55","3023.9"
"84","2005","11","Tamil Nadu","South Arcot / Cuddalore","282.73","730.28","2582.96"
"84","2006","11","Tamil Nadu","South Arcot / Cuddalore","250.22","888.49","3550.84"
"84","2007","11","Tamil Nadu","South Arcot / Cuddalore","248.2","815.45","3285.46"
"84","2008","11","Tamil Nadu","South Arcot / Cuddalore","254.46","675.02","2652.75"
"84","2009","11","Tamil Nadu","South Arcot / Cuddalore","259.97","790.79","3041.85"
"84","2010","11","Tamil Nadu","South Arcot / Cuddalore","265.75","813.52","3061.22"
"84","2011","11","Tamil Nadu","South Arcot / Cuddalore","250.84","719.86","2869.8"
"84","2012","11","Tamil Nadu","South Arcot / Cuddalore","227.55","735.82","3233.66"
"84","2013","11","Tamil Nadu","South Arcot / Cuddalore","297.93","1362.57","4573.46"
"84","2014","11","Tamil Nadu","South Arcot / Cuddalore","306.16","1474.55","4816.27"
"84","2015","11","Tamil Nadu","South Arcot / Cuddalore","322.29","1280.44","3972.94"
"84","2016","11","Tamil Nadu","South Arcot / Cuddalore","314.21","1233.22","3924.87"
"84","2017","11","Tamil Nadu","South Arcot / Cuddalore","294.85","1267.83","4299.84"
"85","1966","11","Tamil Nadu","North Arcot / Vellore","301.0","398.0","1322.26"
"85","1967","11","Tamil Nadu","North Arcot / Vellore","279.0","329.0","1179.21"
"85","1968","11","Tamil Nadu","North Arcot / Vellore","170.4","208.0","1220.66"
"85","1969","11","Tamil Nadu","North Arcot / Vellore","251.2","386.9","1540.21"
"85","1970","11","Tamil Nadu","North Arcot / Vellore","294.4","631.0","2143.34"
"85","1971","11","Tamil Nadu","North Arcot / Vellore","274.0","565.7","2064.6"
"85","1972","11","Tamil Nadu","North Arcot / Vellore","290.4","553.5","1905.99"
"85","1973","11","Tamil Nadu","North Arcot / Vellore","269.0","500.3","1859.85"
"85","1974","11","Tamil Nadu","North Arcot / Vellore","233.4","403.6","1729.22"
"85","1975","11","Tamil Nadu","North Arcot / Vellore","241.3","510.6","2116.04"
"85","1976","11","Tamil Nadu","North Arcot / Vellore","275.8","571.7","2072.88"
"85","1977","11","Tamil Nadu","North Arcot / Vellore","315.8","737.4","2335.02"
"85","1978","11","Tamil Nadu","North Arcot / Vellore","294.8","642.5","2179.44"
"85","1979","11","Tamil Nadu","North Arcot / Vellore","307.4","670.5","2181.2"
"85","1980","11","Tamil Nadu","North Arcot / Vellore","135.8","250.4","1843.89"
"85","1981","11","Tamil Nadu","North Arcot / Vellore","173.0","408.0","2358.38"
"85","1982","11","Tamil Nadu","North Arcot / Vellore","79.0","146.0","1848.1"
"85","1983","11","Tamil Nadu","North Arcot / Vellore","246.1","555.6","2257.62"
"85","1984","11","Tamil Nadu","North Arcot / Vellore","254.0","521.0","2051.18"
"85","1985","11","Tamil Nadu","North Arcot / Vellore","255.1","621.1","2434.73"
"85","1986","11","Tamil Nadu","North Arcot / Vellore","147.0","397.0","2700.68"
"85","1987","11","Tamil Nadu","North Arcot / Vellore","156.0","448.0","2871.79"
"85","1988","11","Tamil Nadu","North Arcot / Vellore","143.8","427.4","2972.18"
"85","1989","11","Tamil Nadu","North Arcot / Vellore","87.8","286.9","3267.65"
"85","1990","11","Tamil Nadu","North Arcot / Vellore","87.89","265.39","3019.57"
"85","1991","11","Tamil Nadu","North Arcot / Vellore","177.34","550.09","3101.89"
"85","1992","11","Tamil Nadu","North Arcot / Vellore","140.43","319.42","2274.59"
"85","1993","11","Tamil Nadu","North Arcot / Vellore","168.0","442.0","2630.95"
"85","1994","11","Tamil Nadu","North Arcot / Vellore","160.8","490.49","3050.31"
"85","1995","11","Tamil Nadu","North Arcot / Vellore","161.97","431.41","2663.52"
"85","1996","11","Tamil Nadu","North Arcot / Vellore","233.39","644.58","2761.82"
"85","1997","11","Tamil Nadu","North Arcot / Vellore","213.83","642.59","3005.14"
"85","1998","11","Tamil Nadu","North Arcot / Vellore","223.38","780.27","3493.02"
"85","1999","11","Tamil Nadu","North Arcot / Vellore","147.26","520.19","3532.46"
"85","2000","11","Tamil Nadu","North Arcot / Vellore","134.08","458.66","3420.79"
"85","2001","11","Tamil Nadu","North Arcot / Vellore","182.8","605.09","3310.12"
"85","2002","11","Tamil Nadu","North Arcot / Vellore","70.16","205.31","2926.31"
"85","2003","11","Tamil Nadu","North Arcot / Vellore","101.63","306.62","3017.02"
"85","2004","11","Tamil Nadu","North Arcot / Vellore","146.22","420.64","2876.76"
"85","2005","11","Tamil Nadu","North Arcot / Vellore","200.9","560.98","2792.33"
"85","2006","11","Tamil Nadu","North Arcot / Vellore","153.15","495.24","3233.69"
"85","2007","11","Tamil Nadu","North Arcot / Vellore","156.48","534.28","3414.37"
"85","2008","11","Tamil Nadu","North Arcot / Vellore","149.31","489.81","3280.49"
"85","2009","11","Tamil Nadu","North Arcot / Vellore","144.95","460.81","3179.1"
"85","2010","11","Tamil Nadu","North Arcot / Vellore","168.71","510.52","3026.02"
"85","2011","11","Tamil Nadu","North Arcot / Vellore","101.93","453.75","4451.58"
"85","2012","11","Tamil Nadu","North Arcot / Vellore","127.48","478.31","3752.04"
"85","2013","11","Tamil Nadu","North Arcot / Vellore","122.0","551.9","4523.77"
"85","2014","11","Tamil Nadu","North Arcot / Vellore","129.71","633.96","4887.52"
"85","2015","11","Tamil Nadu","North Arcot / Vellore","190.65","752.96","3949.44"
"85","2016","11","Tamil Nadu","North Arcot / Vellore","183.45","737.75","4021.55"
"85","2017","11","Tamil Nadu","North Arcot / Vellore","216.65","959.42","4428.49"
"86","1966","11","Tamil Nadu","Salem","138.0","229.0","1659.42"
"86","1967","11","Tamil Nadu","Salem","133.0","212.0","1593.98"
"86","1968","11","Tamil Nadu","Salem","110.2","165.0","1497.28"
"86","1969","11","Tamil Nadu","Salem","109.9","192.7","1753.41"
"86","1970","11","Tamil Nadu","Salem","123.9","266.9","2154.16"
"86","1971","11","Tamil Nadu","Salem","120.3","244.0","2028.26"
"86","1972","11","Tamil Nadu","Salem","147.7","306.2","2073.12"
"86","1973","11","Tamil Nadu","Salem","130.4","273.8","2099.69"
"86","1974","11","Tamil Nadu","Salem","118.0","193.0","1635.59"
"86","1975","11","Tamil Nadu","Salem","112.7","238.4","2115.35"
"86","1976","11","Tamil Nadu","Salem","80.0","158.0","1975.0"
"86","1977","11","Tamil Nadu","Salem","112.7","235.8","2092.28"
"86","1978","11","Tamil Nadu","Salem","124.9","245.3","1963.97"
"86","1979","11","Tamil Nadu","Salem","130.0","274.0","2107.69"
"86","1980","11","Tamil Nadu","Salem","86.3","168.7","1954.81"
"86","1981","11","Tamil Nadu","Salem","123.1","282.9","2298.13"
"86","1982","11","Tamil Nadu","Salem","65.0","127.0","1953.85"
"86","1983","11","Tamil Nadu","Salem","105.0","250.1","2381.9"
"86","1984","11","Tamil Nadu","Salem","85.0","202.0","2376.47"
"86","1985","11","Tamil Nadu","Salem","73.9","208.0","2814.61"
"86","1986","11","Tamil Nadu","Salem","99.0","310.0","3131.31"
"86","1987","11","Tamil Nadu","Salem","99.0","334.0","3373.74"
"86","1988","11","Tamil Nadu","Salem","100.0","329.9","3299.0"
"86","1989","11","Tamil Nadu","Salem","101.8","326.2","3204.32"
"86","1990","11","Tamil Nadu","Salem","60.31","197.22","3270.1"
"86","1991","11","Tamil Nadu","Salem","144.42","474.36","3284.59"
"86","1992","11","Tamil Nadu","Salem","104.16","310.95","2985.31"
"86","1993","11","Tamil Nadu","Salem","131.0","416.0","3175.57"
"86","1994","11","Tamil Nadu","Salem","118.98","423.84","3562.28"
"86","1995","11","Tamil Nadu","Salem","113.71","405.4","3565.21"
"86","1996","11","Tamil Nadu","Salem","130.33","448.19","3438.89"
"86","1997","11","Tamil Nadu","Salem","134.85","491.02","3641.23"
"86","1998","11","Tamil Nadu","Salem","135.12","563.6","4171.11"
"86","1999","11","Tamil Nadu","Salem","124.66","509.37","4086.07"
"86","2000","11","Tamil Nadu","Salem","123.33","485.65","3937.81"
"86","2001","11","Tamil Nadu","Salem","121.92","491.42","4030.68"
"86","2002","11","Tamil Nadu","Salem","50.65","152.16","3004.15"
"86","2003","11","Tamil Nadu","Salem","37.07","106.82","2881.58"
"86","2004","11","Tamil Nadu","Salem","67.88","209.24","3082.5"
"86","2005","11","Tamil Nadu","Salem","107.16","349.33","3259.89"
"86","2006","11","Tamil Nadu","Salem","81.65","284.6","3485.61"
"86","2007","11","Tamil Nadu","Salem","67.7","235.45","3477.84"
"86","2008","11","Tamil Nadu","Salem","78.83","317.71","4030.32"
"86","2009","11","Tamil Nadu","Salem","71.87","297.07","4133.44"
"86","2010","11","Tamil Nadu","Salem","86.56","365.08","4217.65"
"86","2011","11","Tamil Nadu","Salem","83.06","380.75","4584.04"
"86","2012","11","Tamil Nadu","Salem","48.23","199.06","4127.31"
"86","2013","11","Tamil Nadu","Salem","85.72","423.97","4945.99"
"86","2014","11","Tamil Nadu","Salem","67.32","345.33","5129.68"
"86","2015","11","Tamil Nadu","Salem","92.85","434.67","4681.42"
"86","2016","11","Tamil Nadu","Salem","80.0","374.14","4676.96"
"86","2017","11","Tamil Nadu","Salem","73.11","360.43","4929.77"
"87","1966","11","Tamil Nadu","Coimbatore","91.0","168.0","1846.15"
"87","1967","11","Tamil Nadu","Coimbatore","95.0","189.0","1989.47"
"87","1968","11","Tamil Nadu","Coimbatore","89.4","210.0","2348.99"
"87","1969","11","Tamil Nadu","Coimbatore","94.2","228.4","2424.63"
"87","1970","11","Tamil Nadu","Coimbatore","97.7","303.2","3103.38"
"87","1971","11","Tamil Nadu","Coimbatore","103.4","250.9","2426.5"
"87","1972","11","Tamil Nadu","Coimbatore","134.0","307.7","2296.27"
"87","1973","11","Tamil Nadu","Coimbatore","97.7","212.9","2179.12"
"87","1974","11","Tamil Nadu","Coimbatore","94.6","238.6","2522.2"
"87","1975","11","Tamil Nadu","Coimbatore","126.0","303.2","2406.35"
"87","1976","11","Tamil Nadu","Coimbatore","53.6","138.3","2580.22"
"87","1977","11","Tamil Nadu","Coimbatore","118.4","266.9","2254.22"
"87","1978","11","Tamil Nadu","Coimbatore","113.2","252.4","2229.68"
"87","1979","11","Tamil Nadu","Coimbatore","124.3","304.0","2445.7"
"87","1980","11","Tamil Nadu","Coimbatore","115.0","293.5","2552.17"
"87","1981","11","Tamil Nadu","Coimbatore","115.2","297.0","2578.13"
"87","1982","11","Tamil Nadu","Coimbatore","91.0","263.0","2890.11"
"87","1983","11","Tamil Nadu","Coimbatore","108.6","285.7","2630.76"
"87","1984","11","Tamil Nadu","Coimbatore","114.0","334.0","2929.82"
"87","1985","11","Tamil Nadu","Coimbatore","57.8","217.0","3754.33"
"87","1986","11","Tamil Nadu","Coimbatore","91.0","374.0","4109.89"
"87","1987","11","Tamil Nadu","Coimbatore","47.0","182.0","3872.34"
"87","1988","11","Tamil Nadu","Coimbatore","88.5","276.5","3124.29"
"87","1989","11","Tamil Nadu","Coimbatore","97.4","329.1","3378.85"
"87","1990","11","Tamil Nadu","Coimbatore","86.6","235.3","2717.09"
"87","1991","11","Tamil Nadu","Coimbatore","97.4","288.85","2965.61"
"87","1992","11","Tamil Nadu","Coimbatore","125.28","385.59","3077.83"
"87","1993","11","Tamil Nadu","Coimbatore","121.0","390.0","3223.14"
"87","1994","11","Tamil Nadu","Coimbatore","111.33","361.49","3247.01"
"87","1995","11","Tamil Nadu","Coimbatore","69.39","122.52","1765.67"
"87","1996","11","Tamil Nadu","Coimbatore","99.57","281.21","2824.24"
"87","1997","11","Tamil Nadu","Coimbatore","107.0","300.48","2808.22"
"87","1998","11","Tamil Nadu","Coimbatore","111.27","356.9","3207.51"
"87","1999","11","Tamil Nadu","Coimbatore","116.99","424.86","3631.59"
"87","2000","11","Tamil Nadu","Coimbatore","108.9","373.12","3426.26"
"87","2001","11","Tamil Nadu","Coimbatore","94.05","257.8","2741.1"
"87","2002","11","Tamil Nadu","Coimbatore","83.02","180.53","2174.54"
"87","2003","11","Tamil Nadu","Coimbatore","83.42","157.24","1884.92"
"87","2004","11","Tamil Nadu","Coimbatore","101.27","301.73","2979.46"
"87","2005","11","Tamil Nadu","Coimbatore","103.4","253.24","2449.13"
"87","2006","11","Tamil Nadu","Coimbatore","99.59","308.0","3092.68"
"87","2007","11","Tamil Nadu","Coimbatore","95.15","184.01","1933.89"
"87","2008","11","Tamil Nadu","Coimbatore","104.49","194.89","1865.15"
"87","2009","11","Tamil Nadu","Coimbatore","104.1","223.42","2146.21"
"87","2010","11","Tamil Nadu","Coimbatore","101.47","242.76","2392.48"
"87","2011","11","Tamil Nadu","Coimbatore","100.52","369.22","3672.92"
"87","2012","11","Tamil Nadu","Coimbatore","85.87","248.58","2894.67"
"87","2013","11","Tamil Nadu","Coimbatore","78.57","151.73","1931.27"
"87","2014","11","Tamil Nadu","Coimbatore","74.8","320.06","4278.88"
"87","2015","11","Tamil Nadu","Coimbatore","80.98","291.01","3593.32"
"87","2016","11","Tamil Nadu","Coimbatore","70.87","265.71","3749.48"
"87","2017","11","Tamil Nadu","Coimbatore","90.17","195.35","2166.46"
"88","1966","11","Tamil Nadu","Tiruchirapalli / Trichy","247.0","385.0","1558.7"
"88","1967","11","Tamil Nadu","Tiruchirapalli / Trichy","223.0","324.0","1452.91"
"88","1968","11","Tamil Nadu","Tiruchirapalli / Trichy","218.5","365.0","1670.48"
"88","1969","11","Tamil Nadu","Tiruchirapalli / Trichy","219.3","323.6","1475.6"
"88","1970","11","Tamil Nadu","Tiruchirapalli / Trichy","226.9","375.7","1655.8"
"88","1971","11","Tamil Nadu","Tiruchirapalli / Trichy","234.9","472.0","2009.37"
"88","1972","11","Tamil Nadu","Tiruchirapalli / Trichy","271.2","485.8","1791.3"
"88","1973","11","Tamil Nadu","Tiruchirapalli / Trichy","256.0","487.3","1903.52"
"88","1974","11","Tamil Nadu","Tiruchirapalli / Trichy","192.8","244.4","1267.63"
"88","1975","11","Tamil Nadu","Tiruchirapalli / Trichy","236.0","444.4","1883.05"
"88","1976","11","Tamil Nadu","Tiruchirapalli / Trichy","192.0","385.2","2006.25"
"88","1977","11","Tamil Nadu","Tiruchirapalli / Trichy","242.3","519.2","2142.8"
"88","1978","11","Tamil Nadu","Tiruchirapalli / Trichy","262.5","569.3","2168.76"
"88","1979","11","Tamil Nadu","Tiruchirapalli / Trichy","269.8","471.2","1746.48"
"88","1980","11","Tamil Nadu","Tiruchirapalli / Trichy","200.8","320.2","1594.62"
"88","1981","11","Tamil Nadu","Tiruchirapalli / Trichy","236.9","508.7","2147.32"
"88","1982","11","Tamil Nadu","Tiruchirapalli / Trichy","132.9","225.1","1693.75"
"88","1983","11","Tamil Nadu","Tiruchirapalli / Trichy","225.9","402.2","1780.43"
"88","1984","11","Tamil Nadu","Tiruchirapalli / Trichy","208.8","505.5","2420.98"
"88","1985","11","Tamil Nadu","Tiruchirapalli / Trichy","162.2","443.2","2732.43"
"88","1986","11","Tamil Nadu","Tiruchirapalli / Trichy","173.0","489.0","2826.59"
"88","1987","11","Tamil Nadu","Tiruchirapalli / Trichy","164.0","498.0","3036.59"
"88","1988","11","Tamil Nadu","Tiruchirapalli / Trichy","136.5","452.7","3316.48"
"88","1989","11","Tamil Nadu","Tiruchirapalli / Trichy","157.7","562.3","3565.63"
"88","1990","11","Tamil Nadu","Tiruchirapalli / Trichy","136.38","487.96","3578.0"
"88","1991","11","Tamil Nadu","Tiruchirapalli / Trichy","165.23","611.32","3699.78"
"88","1992","11","Tamil Nadu","Tiruchirapalli / Trichy","194.22","665.16","3424.86"
"88","1993","11","Tamil Nadu","Tiruchirapalli / Trichy","184.28","627.16","3403.3"
"88","1994","11","Tamil Nadu","Tiruchirapalli / Trichy","183.77","670.11","3646.47"
"88","1995","11","Tamil Nadu","Tiruchirapalli / Trichy","161.83","521.87","3224.91"
"88","1996","11","Tamil Nadu","Tiruchirapalli / Trichy","167.59","558.87","3334.67"
"88","1997","11","Tamil Nadu","Tiruchirapalli / Trichy","175.44","607.81","3464.6"
"88","1998","11","Tamil Nadu","Tiruchirapalli / Trichy","181.15","708.33","3910.11"
"88","1999","11","Tamil Nadu","Tiruchirapalli / Trichy","193.86","791.17","4081.07"
"88","2000","11","Tamil Nadu","Tiruchirapalli / Trichy","193.19","749.95","3881.85"
"88","2001","11","Tamil Nadu","Tiruchirapalli / Trichy","170.91","630.4","3688.49"
"88","2002","11","Tamil Nadu","Tiruchirapalli / Trichy","111.82","303.61","2715.18"
"88","2003","11","Tamil Nadu","Tiruchirapalli / Trichy","89.95","241.47","2684.55"
"88","2004","11","Tamil Nadu","Tiruchirapalli / Trichy","164.48","515.24","3132.58"
"88","2005","11","Tamil Nadu","Tiruchirapalli / Trichy","173.54","521.63","3005.87"
"88","2006","11","Tamil Nadu","Tiruchirapalli / Trichy","153.61","572.58","3727.38"
"88","2007","11","Tamil Nadu","Tiruchirapalli / Trichy","137.92","476.5","3454.82"
"88","2008","11","Tamil Nadu","Tiruchirapalli / Trichy","154.76","576.85","3727.25"
"88","2009","11","Tamil Nadu","Tiruchirapalli / Trichy","147.36","576.62","3912.95"
"88","2010","11","Tamil Nadu","Tiruchirapalli / Trichy","150.38","598.76","3981.63"
"88","2011","11","Tamil Nadu","Tiruchirapalli / Trichy","144.77","638.76","4412.36"
"88","2012","11","Tamil Nadu","Tiruchirapalli / Trichy","85.54","259.44","3032.89"
"88","2013","11","Tamil Nadu","Tiruchirapalli / Trichy","115.8","589.95","5094.65"
"88","2014","11","Tamil Nadu","Tiruchirapalli / Trichy","125.77","609.89","4849.1"
"88","2015","11","Tamil Nadu","Tiruchirapalli / Trichy","137.32","601.54","4380.47"
"88","2016","11","Tamil Nadu","Tiruchirapalli / Trichy","123.55","529.5","4285.73"
"88","2017","11","Tamil Nadu","Tiruchirapalli / Trichy","99.63","476.51","4782.99"
"89","1966","11","Tamil Nadu","Thanjavur","608.0","878.0","1444.08"
"89","1967","11","Tamil Nadu","Thanjavur","634.0","920.0","1451.1"
"89","1968","11","Tamil Nadu","Thanjavur","627.5","1121.0","1786.45"
"89","1969","11","Tamil Nadu","Thanjavur","637.4","1028.2","1613.12"
"89","1970","11","Tamil Nadu","Thanjavur","649.7","1067.4","1642.91"
"89","1971","11","Tamil Nadu","Thanjavur","656.1","1342.2","2045.72"
"89","1972","11","Tamil Nadu","Thanjavur","660.7","1356.5","2053.13"
"89","1973","11","Tamil Nadu","Thanjavur","657.0","1296.1","1972.75"
"89","1974","11","Tamil Nadu","Thanjavur","620.4","943.8","1521.28"
"89","1975","11","Tamil Nadu","Thanjavur","661.0","1280.4","1937.07"
"89","1976","11","Tamil Nadu","Thanjavur","559.3","880.7","1574.65"
"89","1977","11","Tamil Nadu","Thanjavur","630.2","1007.0","1597.91"
"89","1978","11","Tamil Nadu","Thanjavur","635.8","1361.9","2142.03"
"89","1979","11","Tamil Nadu","Thanjavur","660.2","1367.4","2071.19"
"89","1980","11","Tamil Nadu","Thanjavur","652.4","1414.7","2168.45"
"89","1981","11","Tamil Nadu","Thanjavur","658.4","1582.5","2403.55"
"89","1982","11","Tamil Nadu","Thanjavur","558.0","1214.9","2177.24"
"89","1983","11","Tamil Nadu","Thanjavur","552.6","975.2","1764.75"
"89","1984","11","Tamil Nadu","Thanjavur","671.2","1541.5","2296.63"
"89","1985","11","Tamil Nadu","Thanjavur","551.1","1290.0","2340.77"
"89","1986","11","Tamil Nadu","Thanjavur","514.0","1394.0","2712.06"
"89","1987","11","Tamil Nadu","Thanjavur","478.0","1328.0","2778.24"
"89","1988","11","Tamil Nadu","Thanjavur","494.3","1557.7","3151.33"
"89","1989","11","Tamil Nadu","Thanjavur","503.1","1575.1","3130.79"
"89","1990","11","Tamil Nadu","Thanjavur","479.98","1492.18","3108.82"
"89","1991","11","Tamil Nadu","Thanjavur","495.8","1666.77","3361.79"
"89","1992","11","Tamil Nadu","Thanjavur","552.55","1845.51","3339.96"
"89","1993","11","Tamil Nadu","Thanjavur","562.72","1280.84","2276.16"
"89","1994","11","Tamil Nadu","Thanjavur","552.22","1933.73","3501.73"
"89","1995","11","Tamil Nadu","Thanjavur","497.37","1290.05","2593.72"
"89","1996","11","Tamil Nadu","Thanjavur","489.47","995.66","2034.17"
"89","1997","11","Tamil Nadu","Thanjavur","526.14","1130.97","2149.54"
"89","1998","11","Tamil Nadu","Thanjavur","521.95","1599.01","3063.55"
"89","1999","11","Tamil Nadu","Thanjavur","535.44","1781.51","3327.21"
"89","2000","11","Tamil Nadu","Thanjavur","551.95","2011.5","3644.38"
"89","2001","11","Tamil Nadu","Thanjavur","551.3","1524.11","2764.57"
"89","2002","11","Tamil Nadu","Thanjavur","413.31","613.79","1485.06"
"89","2003","11","Tamil Nadu","Thanjavur","381.39","786.79","2062.94"
"89","2004","11","Tamil Nadu","Thanjavur","480.07","888.99","1851.78"
"89","2005","11","Tamil Nadu","Thanjavur","483.03","837.03","1732.86"
"89","2006","11","Tamil Nadu","Thanjavur","519.19","1866.86","3595.75"
"89","2007","11","Tamil Nadu","Thanjavur","468.18","1133.67","2421.46"
"89","2008","11","Tamil Nadu","Thanjavur","539.92","855.04","1583.66"
"89","2009","11","Tamil Nadu","Thanjavur","501.16","1400.38","2794.29"
"89","2010","11","Tamil Nadu","Thanjavur","496.12","1140.85","2299.56"
"89","2011","11","Tamil Nadu","Thanjavur","450.12","1813.04","4027.91"
"89","2012","11","Tamil Nadu","Thanjavur","450.22","834.93","1854.48"
"89","2013","11","Tamil Nadu","Thanjavur","507.5","2316.46","4564.48"
"89","2014","11","Tamil Nadu","Thanjavur","543.51","2195.63","4039.75"
"89","2015","11","Tamil Nadu","Thanjavur","548.65","1696.83","3092.72"
"89","2016","11","Tamil Nadu","Thanjavur","541.98","1356.07","2502.07"
"89","2017","11","Tamil Nadu","Thanjavur","520.25","1840.14","3537.05"
"90","1966","11","Tamil Nadu","Madurai","161.0","250.0","1552.8"
"90","1967","11","Tamil Nadu","Madurai","161.0","243.0","1509.32"
"90","1968","11","Tamil Nadu","Madurai","146.8","212.0","1444.14"
"90","1969","11","Tamil Nadu","Madurai","128.6","215.5","1675.74"
"90","1970","11","Tamil Nadu","Madurai","145.9","365.0","2501.71"
"90","1971","11","Tamil Nadu","Madurai","148.5","336.0","2262.63"
"90","1972","11","Tamil Nadu","Madurai","167.9","374.7","2231.69"
"90","1973","11","Tamil Nadu","Madurai","162.5","365.1","2246.77"
"90","1974","11","Tamil Nadu","Madurai","129.9","220.0","1693.61"
"90","1975","11","Tamil Nadu","Madurai","146.1","361.6","2475.02"
"90","1976","11","Tamil Nadu","Madurai","120.0","276.0","2300.0"
"90","1977","11","Tamil Nadu","Madurai","163.7","439.8","2686.62"
"90","1978","11","Tamil Nadu","Madurai","158.8","391.9","2467.88"
"90","1979","11","Tamil Nadu","Madurai","171.2","434.2","2536.21"
"90","1980","11","Tamil Nadu","Madurai","149.1","383.4","2571.43"
"90","1981","11","Tamil Nadu","Madurai","160.4","449.0","2799.25"
"90","1982","11","Tamil Nadu","Madurai","101.0","197.0","1950.5"
"90","1983","11","Tamil Nadu","Madurai","113.5","270.9","2386.78"
"90","1984","11","Tamil Nadu","Madurai","139.0","311.0","2237.41"
"90","1985","11","Tamil Nadu","Madurai","113.6","343.3","3022.01"
"90","1986","11","Tamil Nadu","Madurai","103.0","307.0","2980.58"
"90","1987","11","Tamil Nadu","Madurai","139.0","462.0","3323.74"
"90","1988","11","Tamil Nadu","Madurai","129.2","512.5","3966.72"
"90","1989","11","Tamil Nadu","Madurai","158.1","601.4","3803.92"
"90","1990","11","Tamil Nadu","Madurai","141.1","490.11","3473.49"
"90","1991","11","Tamil Nadu","Madurai","122.26","436.05","3566.58"
"90","1992","11","Tamil Nadu","Madurai","139.81","532.41","3808.1"
"90","1993","11","Tamil Nadu","Madurai","150.0","543.0","3620.0"
"90","1994","11","Tamil Nadu","Madurai","146.49","633.51","4324.6"
"90","1995","11","Tamil Nadu","Madurai","107.65","342.75","3183.93"
"90","1996","11","Tamil Nadu","Madurai","127.03","462.58","3641.5"
"90","1997","11","Tamil Nadu","Madurai","130.48","512.71","3929.41"
"90","1998","11","Tamil Nadu","Madurai","132.93","627.68","4721.88"
"90","1999","11","Tamil Nadu","Madurai","129.15","575.0","4452.19"
"90","2000","11","Tamil Nadu","Madurai","118.06","513.58","4350.16"
"90","2001","11","Tamil Nadu","Madurai","101.66","425.8","4188.47"
"90","2002","11","Tamil Nadu","Madurai","73.11","219.83","3006.84"
"90","2003","11","Tamil Nadu","Madurai","49.6","152.63","3077.22"
"90","2004","11","Tamil Nadu","Madurai","98.04","337.92","3446.76"
"90","2005","11","Tamil Nadu","Madurai","110.43","375.08","3396.54"
"90","2006","11","Tamil Nadu","Madurai","100.76","412.98","4098.65"
"90","2007","11","Tamil Nadu","Madurai","93.54","344.38","3681.63"
"90","2008","11","Tamil Nadu","Madurai","101.92","420.18","4122.65"
"90","2009","11","Tamil Nadu","Madurai","83.01","360.18","4339.0"
"90","2010","11","Tamil Nadu","Madurai","94.77","432.12","4559.67"
"90","2011","11","Tamil Nadu","Madurai","99.54","486.75","4889.99"
"90","2012","11","Tamil Nadu","Madurai","37.82","143.45","3792.97"
"90","2013","11","Tamil Nadu","Madurai","52.0","240.54","4625.77"
"90","2014","11","Tamil Nadu","Madurai","73.63","340.08","4618.77"
"90","2015","11","Tamil Nadu","Madurai","85.6","354.99","4147.08"
"90","2016","11","Tamil Nadu","Madurai","77.18","313.06","4056.26"
"90","2017","11","Tamil Nadu","Madurai","36.78","171.29","4656.49"
"91","1966","11","Tamil Nadu","Ramananthapuram","274.0","300.0","1094.89"
"91","1967","11","Tamil Nadu","Ramananthapuram","270.0","288.0","1066.67"
"91","1968","11","Tamil Nadu","Ramananthapuram","263.5","181.0","686.91"
"91","1969","11","Tamil Nadu","Ramananthapuram","264.1","247.6","937.52"
"91","1970","11","Tamil Nadu","Ramananthapuram","255.2","274.3","1074.84"
"91","1971","11","Tamil Nadu","Ramananthapuram","278.1","333.8","1200.29"
"91","1972","11","Tamil Nadu","Ramananthapuram","296.6","370.7","1249.83"
"91","1973","11","Tamil Nadu","Ramananthapuram","288.9","383.0","1325.72"
"91","1974","11","Tamil Nadu","Ramananthapuram","179.9","138.0","767.09"
"91","1975","11","Tamil Nadu","Ramananthapuram","235.9","272.4","1154.73"
"91","1976","11","Tamil Nadu","Ramananthapuram","234.6","217.5","927.11"
"91","1977","11","Tamil Nadu","Ramananthapuram","292.6","365.1","1247.78"
"91","1978","11","Tamil Nadu","Ramananthapuram","269.1","334.0","1241.17"
"91","1979","11","Tamil Nadu","Ramananthapuram","303.3","398.0","1312.23"
"91","1980","11","Tamil Nadu","Ramananthapuram","261.2","117.1","448.32"
"91","1981","11","Tamil Nadu","Ramananthapuram","308.3","549.1","1781.06"
"91","1982","11","Tamil Nadu","Ramananthapuram","240.0","270.0","1125.0"
"91","1983","11","Tamil Nadu","Ramananthapuram","271.0","398.0","1468.63"
"91","1984","11","Tamil Nadu","Ramananthapuram","215.0","214.0","995.35"
"91","1985","11","Tamil Nadu","Ramananthapuram","217.2","210.3","968.23"
"91","1986","11","Tamil Nadu","Ramananthapuram","206.7","255.5","1236.09"
"91","1987","11","Tamil Nadu","Ramananthapuram","291.6","602.7","2066.87"
"91","1988","11","Tamil Nadu","Ramananthapuram","216.6","186.1","859.19"
"91","1989","11","Tamil Nadu","Ramananthapuram","268.5","429.2","1598.51"
"91","1990","11","Tamil Nadu","Ramananthapuram","277.39","590.05","2127.15"
"91","1991","11","Tamil Nadu","Ramananthapuram","244.66","270.31","1104.84"
"91","1992","11","Tamil Nadu","Ramananthapuram","277.67","590.95","2128.25"
"91","1993","11","Tamil Nadu","Ramananthapuram","279.0","744.0","2666.67"
"91","1994","11","Tamil Nadu","Ramananthapuram","281.3","562.38","1999.22"
"91","1995","11","Tamil Nadu","Ramananthapuram","217.86","87.82","403.1"
"91","1996","11","Tamil Nadu","Ramananthapuram","243.19","391.4","1609.44"
"91","1997","11","Tamil Nadu","Ramananthapuram","271.77","814.29","2996.25"
"91","1998","11","Tamil Nadu","Ramananthapuram","266.29","831.08","3120.96"
"91","1999","11","Tamil Nadu","Ramananthapuram","250.52","385.13","1537.32"
"91","2000","11","Tamil Nadu","Ramananthapuram","234.24","528.42","2255.89"
"91","2001","11","Tamil Nadu","Ramananthapuram","231.16","421.78","1824.62"
"91","2002","11","Tamil Nadu","Ramananthapuram","237.5","385.79","1624.38"
"91","2003","11","Tamil Nadu","Ramananthapuram","217.13","114.58","527.7"
"91","2004","11","Tamil Nadu","Ramananthapuram","241.46","521.23","2158.66"
"91","2005","11","Tamil Nadu","Ramananthapuram","248.1","538.3","2169.69"
"91","2006","11","Tamil Nadu","Ramananthapuram","244.55","490.85","2007.16"
"91","2007","11","Tamil Nadu","Ramananthapuram","228.71","201.91","882.82"
"91","2008","11","Tamil Nadu","Ramananthapuram","242.13","439.72","1816.05"
"91","2009","11","Tamil Nadu","Ramananthapuram","237.84","437.7","1840.31"
"91","2010","11","Tamil Nadu","Ramananthapuram","245.9","536.94","2183.57"
"91","2011","11","Tamil Nadu","Ramananthapuram","242.4","866.89","3576.28"
"91","2012","11","Tamil Nadu","Ramananthapuram","210.11","239.34","1139.12"
"91","2013","11","Tamil Nadu","Ramananthapuram","196.9","148.16","752.46"
"91","2014","11","Tamil Nadu","Ramananthapuram","201.57","729.45","3618.84"
"91","2015","11","Tamil Nadu","Ramananthapuram","212.4","593.55","2794.49"
"91","2016","11","Tamil Nadu","Ramananthapuram","215.67","446.92","2072.3"
"91","2017","11","Tamil Nadu","Ramananthapuram","217.34","438.45","2017.36"
"92","1966","11","Tamil Nadu","Thirunelveli","155.0","211.0","1361.29"
"92","1967","11","Tamil Nadu","Thirunelveli","144.0","248.0","1722.22"
"92","1968","11","Tamil Nadu","Thirunelveli","140.5","239.0","1701.07"
"92","1969","11","Tamil Nadu","Thirunelveli","136.3","283.9","2082.91"
"92","1970","11","Tamil Nadu","Thirunelveli","126.9","338.9","2670.61"
"92","1971","11","Tamil Nadu","Thirunelveli","150.6","395.3","2624.83"
"92","1972","11","Tamil Nadu","Thirunelveli","160.6","349.0","2173.1"
"92","1973","11","Tamil Nadu","Thirunelveli","159.1","418.8","2632.31"
"92","1974","11","Tamil Nadu","Thirunelveli","124.6","251.4","2017.66"
"92","1975","11","Tamil Nadu","Thirunelveli","112.3","228.1","2031.17"
"92","1976","11","Tamil Nadu","Thirunelveli","106.3","260.4","2449.67"
"92","1977","11","Tamil Nadu","Thirunelveli","167.8","451.5","2690.7"
"92","1978","11","Tamil Nadu","Thirunelveli","149.2","403.4","2703.75"
"92","1979","11","Tamil Nadu","Thirunelveli","171.1","394.8","2307.42"
"92","1980","11","Tamil Nadu","Thirunelveli","156.4","369.9","2365.09"
"92","1981","11","Tamil Nadu","Thirunelveli","135.1","330.8","2448.56"
"92","1982","11","Tamil Nadu","Thirunelveli","109.0","260.0","2385.32"
"92","1983","11","Tamil Nadu","Thirunelveli","111.7","244.0","2184.42"
"92","1984","11","Tamil Nadu","Thirunelveli","138.0","331.0","2398.55"
"92","1985","11","Tamil Nadu","Thirunelveli","126.0","397.4","3153.97"
"92","1986","11","Tamil Nadu","Thirunelveli","77.7","237.4","3055.34"
"92","1987","11","Tamil Nadu","Thirunelveli","87.0","241.0","2770.11"
"92","1988","11","Tamil Nadu","Thirunelveli","103.7","355.5","3428.16"
"92","1989","11","Tamil Nadu","Thirunelveli","108.2","359.0","3317.93"
"92","1990","11","Tamil Nadu","Thirunelveli","130.19","534.26","4103.69"
"92","1991","11","Tamil Nadu","Thirunelveli","130.93","428.24","3270.76"
"92","1992","11","Tamil Nadu","Thirunelveli","130.64","522.47","3999.31"
"92","1993","11","Tamil Nadu","Thirunelveli","131.0","496.0","3786.26"
"92","1994","11","Tamil Nadu","Thirunelveli","132.48","611.27","4614.05"
"92","1995","11","Tamil Nadu","Thirunelveli","102.14","424.77","4158.7"
"92","1996","11","Tamil Nadu","Thirunelveli","82.45","325.56","3948.57"
"92","1997","11","Tamil Nadu","Thirunelveli","106.69","404.3","3789.48"
"92","1998","11","Tamil Nadu","Thirunelveli","113.5","510.33","4496.3"
"92","1999","11","Tamil Nadu","Thirunelveli","103.92","469.73","4520.11"
"92","2000","11","Tamil Nadu","Thirunelveli","91.91","406.93","4427.48"
"92","2001","11","Tamil Nadu","Thirunelveli","82.18","332.91","4050.99"
"92","2002","11","Tamil Nadu","Thirunelveli","80.93","330.79","4087.36"
"92","2003","11","Tamil Nadu","Thirunelveli","66.01","254.74","3859.11"
"92","2004","11","Tamil Nadu","Thirunelveli","103.25","426.85","4134.14"
"92","2005","11","Tamil Nadu","Thirunelveli","106.33","390.89","3676.2"
"92","2006","11","Tamil Nadu","Thirunelveli","113.26","479.28","4231.68"
"92","2007","11","Tamil Nadu","Thirunelveli","101.77","388.68","3819.2"
"92","2008","11","Tamil Nadu","Thirunelveli","113.72","482.37","4241.73"
"92","2009","11","Tamil Nadu","Thirunelveli","105.54","452.56","4288.04"
"92","2010","11","Tamil Nadu","Thirunelveli","99.77","441.26","4422.77"
"92","2011","11","Tamil Nadu","Thirunelveli","121.6","441.97","3634.62"
"92","2012","11","Tamil Nadu","Thirunelveli","51.63","207.05","4010.27"
"92","2013","11","Tamil Nadu","Thirunelveli","74.01","418.44","5653.83"
"92","2014","11","Tamil Nadu","Thirunelveli","101.1","517.33","5117.01"
"92","2015","11","Tamil Nadu","Thirunelveli","117.07","563.01","4809.17"
"92","2016","11","Tamil Nadu","Thirunelveli","48.44","179.75","3710.76"
"92","2017","11","Tamil Nadu","Thirunelveli","77.0","355.16","4612.54"
"93","1966","11","Tamil Nadu","The Nilgiris","3.0","3.0","1000.0"
"93","1967","11","Tamil Nadu","The Nilgiris","3.0","3.0","1000.0"
"93","1968","11","Tamil Nadu","The Nilgiris","3.0","4.0","1333.33"
"93","1969","11","Tamil Nadu","The Nilgiris","3.2","5.6","1750.0"
"93","1970","11","Tamil Nadu","The Nilgiris","3.2","3.2","1000.0"
"93","1971","11","Tamil Nadu","The Nilgiris","3.6","4.9","1361.11"
"93","1972","11","Tamil Nadu","The Nilgiris","3.6","4.8","1333.33"
"93","1973","11","Tamil Nadu","The Nilgiris","3.2","7.1","2218.75"
"93","1974","11","Tamil Nadu","The Nilgiris","3.5","8.5","2428.57"
"93","1975","11","Tamil Nadu","The Nilgiris","3.4","4.7","1382.35"
"93","1976","11","Tamil Nadu","The Nilgiris","3.4","5.4","1588.24"
"93","1977","11","Tamil Nadu","The Nilgiris","3.2","7.6","2375.0"
"93","1978","11","Tamil Nadu","The Nilgiris","3.4","5.2","1529.41"
"93","1979","11","Tamil Nadu","The Nilgiris","3.9","5.6","1435.9"
"93","1980","11","Tamil Nadu","The Nilgiris","3.0","4.8","1600.0"
"93","1981","11","Tamil Nadu","The Nilgiris","3.3","5.5","1666.67"
"93","1982","11","Tamil Nadu","The Nilgiris","3.0","4.0","1333.33"
"93","1983","11","Tamil Nadu","The Nilgiris","3.1","3.7","1193.55"
"93","1984","11","Tamil Nadu","The Nilgiris","3.0","4.0","1333.33"
"93","1985","11","Tamil Nadu","The Nilgiris","3.4","5.1","1500.0"
"93","1986","11","Tamil Nadu","The Nilgiris","3.0","3.0","1000.0"
"93","1987","11","Tamil Nadu","The Nilgiris","2.0","3.0","1500.0"
"93","1988","11","Tamil Nadu","The Nilgiris","2.5","4.5","1800.0"
"93","1989","11","Tamil Nadu","The Nilgiris","2.4","3.1","1291.67"
"93","1990","11","Tamil Nadu","The Nilgiris","2.78","6.89","2478.42"
"93","1991","11","Tamil Nadu","The Nilgiris","1.56","4.87","3121.79"
"93","1992","11","Tamil Nadu","The Nilgiris","1.87","3.84","2053.48"
"93","1993","11","Tamil Nadu","The Nilgiris","2.0","3.0","1500.0"
"93","1994","11","Tamil Nadu","The Nilgiris","1.59","3.16","1987.42"
"93","1995","11","Tamil Nadu","The Nilgiris","1.68","2.25","1339.29"
"93","1996","11","Tamil Nadu","The Nilgiris","1.94","3.08","1587.63"
"93","1997","11","Tamil Nadu","The Nilgiris","1.72","5.98","3476.74"
"93","1998","11","Tamil Nadu","The Nilgiris","1.74","7.05","4051.72"
"93","1999","11","Tamil Nadu","The Nilgiris","1.95","7.98","4092.31"
"93","2000","11","Tamil Nadu","The Nilgiris","2.03","8.35","4113.3"
"93","2001","11","Tamil Nadu","The Nilgiris","2.15","8.44","3925.58"
"93","2002","11","Tamil Nadu","The Nilgiris","1.85","6.23","3367.57"
"93","2003","11","Tamil Nadu","The Nilgiris","1.64","5.41","3298.78"
"93","2004","11","Tamil Nadu","The Nilgiris","1.44","4.76","3305.56"
"93","2005","11","Tamil Nadu","The Nilgiris","1.43","4.72","3300.7"
"93","2006","11","Tamil Nadu","The Nilgiris","1.25","4.0","3200.0"
"93","2007","11","Tamil Nadu","The Nilgiris","1.11","4.29","3864.86"
"93","2008","11","Tamil Nadu","The Nilgiris","0.78","3.05","3910.26"
"93","2009","11","Tamil Nadu","The Nilgiris","0.51","1.78","3490.2"
"93","2010","11","Tamil Nadu","The Nilgiris","0.39","1.4","3589.74"
"93","2011","11","Tamil Nadu","The Nilgiris","0.4","1.65","4125.0"
"93","2012","11","Tamil Nadu","The Nilgiris","0.29","1.15","3965.52"
"93","2013","11","Tamil Nadu","The Nilgiris","0.33","1.42","4303.03"
"93","2014","11","Tamil Nadu","The Nilgiris","0.03","0.15","5000.0"
"93","2015","11","Tamil Nadu","The Nilgiris","0.32","1.42","4437.5"
"93","2016","11","Tamil Nadu","The Nilgiris","0.24","1.04","4292.18"
"93","2017","11","Tamil Nadu","The Nilgiris","0.24","0.92","3853.56"
"94","1966","11","Tamil Nadu","Kanyakumari","56.0","95.0","1696.43"
"94","1967","11","Tamil Nadu","Kanyakumari","57.0","103.0","1807.02"
"94","1968","11","Tamil Nadu","Kanyakumari","57.4","116.0","2020.91"
"94","1969","11","Tamil Nadu","Kanyakumari","58.0","83.2","1434.48"
"94","1970","11","Tamil Nadu","Kanyakumari","58.5","110.3","1885.47"
"94","1971","11","Tamil Nadu","Kanyakumari","62.1","152.4","2454.11"
"94","1972","11","Tamil Nadu","Kanyakumari","61.7","137.3","2225.28"
"94","1973","11","Tamil Nadu","Kanyakumari","54.5","113.6","2084.4"
"94","1974","11","Tamil Nadu","Kanyakumari","52.7","106.3","2017.08"
"94","1975","11","Tamil Nadu","Kanyakumari","53.0","116.1","2190.57"
"94","1976","11","Tamil Nadu","Kanyakumari","44.6","90.0","2017.94"
"94","1977","11","Tamil Nadu","Kanyakumari","49.2","115.2","2341.46"
"94","1978","11","Tamil Nadu","Kanyakumari","46.3","98.9","2136.07"
"94","1979","11","Tamil Nadu","Kanyakumari","49.9","126.2","2529.06"
"94","1980","11","Tamil Nadu","Kanyakumari","43.7","95.4","2183.07"
"94","1981","11","Tamil Nadu","Kanyakumari","48.1","114.1","2372.14"
"94","1982","11","Tamil Nadu","Kanyakumari","46.0","99.0","2152.17"
"94","1983","11","Tamil Nadu","Kanyakumari","39.0","74.9","1920.51"
"94","1984","11","Tamil Nadu","Kanyakumari","46.0","95.0","2065.22"
"94","1985","11","Tamil Nadu","Kanyakumari","44.2","117.9","2667.42"
"94","1986","11","Tamil Nadu","Kanyakumari","30.0","49.0","1633.33"
"94","1987","11","Tamil Nadu","Kanyakumari","33.0","45.0","1363.64"
"94","1988","11","Tamil Nadu","Kanyakumari","45.5","154.4","3393.41"
"94","1989","11","Tamil Nadu","Kanyakumari","43.9","144.1","3282.46"
"94","1990","11","Tamil Nadu","Kanyakumari","41.23","127.82","3100.17"
"94","1991","11","Tamil Nadu","Kanyakumari","40.57","143.22","3530.19"
"94","1992","11","Tamil Nadu","Kanyakumari","38.79","118.92","3065.74"
"94","1993","11","Tamil Nadu","Kanyakumari","42.0","142.0","3380.95"
"94","1994","11","Tamil Nadu","Kanyakumari","37.57","151.65","4036.47"
"94","1995","11","Tamil Nadu","Kanyakumari","36.02","148.73","4129.09"
"94","1996","11","Tamil Nadu","Kanyakumari","33.66","138.93","4127.45"
"94","1997","11","Tamil Nadu","Kanyakumari","31.24","118.64","3797.7"
"94","1998","11","Tamil Nadu","Kanyakumari","32.0","152.8","4775.0"
"94","1999","11","Tamil Nadu","Kanyakumari","31.48","149.48","4748.41"
"94","2000","11","Tamil Nadu","Kanyakumari","28.59","135.0","4721.93"
"94","2001","11","Tamil Nadu","Kanyakumari","28.23","121.39","4300.04"
"94","2002","11","Tamil Nadu","Kanyakumari","26.05","98.47","3780.04"
"94","2003","11","Tamil Nadu","Kanyakumari","17.32","52.9","3054.27"
"94","2004","11","Tamil Nadu","Kanyakumari","22.02","86.49","3927.79"
"94","2005","11","Tamil Nadu","Kanyakumari","21.71","82.52","3801.01"
"94","2006","11","Tamil Nadu","Kanyakumari","21.41","94.13","4396.54"
"94","2007","11","Tamil Nadu","Kanyakumari","20.35","90.21","4432.92"
"94","2008","11","Tamil Nadu","Kanyakumari","18.19","83.66","4599.23"
"94","2009","11","Tamil Nadu","Kanyakumari","17.31","76.24","4404.39"
"94","2010","11","Tamil Nadu","Kanyakumari","16.99","80.39","4731.61"
"94","2011","11","Tamil Nadu","Kanyakumari","16.62","90.11","5421.78"
"94","2012","11","Tamil Nadu","Kanyakumari","12.41","57.88","4663.98"
"94","2013","11","Tamil Nadu","Kanyakumari","13.62","66.7","4897.21"
"94","2014","11","Tamil Nadu","Kanyakumari","13.18","66.94","5078.91"
"94","2015","11","Tamil Nadu","Kanyakumari","12.96","55.79","4304.78"
"94","2016","11","Tamil Nadu","Kanyakumari","12.16","48.67","4003.78"
"94","2017","11","Tamil Nadu","Kanyakumari","9.63","33.03","3431.03"